AGURK SLANGEAGURK	0,8	24	104	Grønnsaker
AGURKER SYLTEDE	0,7	21	119	Grønnsaker
ALFALFASPIRER	4,0	160	16	Grønnsaker
ANANAS FRISK OG HERMETISK	0,5	15	167	Frukt
ANANASJUICE	0,4	12	208	Saft og juice
ANSJOS HERMETISK	12,5	625	4	Fiskevarer
APPELSIN	0,9	27	92	Frukt
APPELSINJUICE	0,7	21	119	Saft og juice
APRIKOS	0,9	27	92	Frukt
APRIKOS HERMETISK	0,4	12	208	Frukt
APRIKOS TØRKET	4,8	144	17	Frukt
ARTISKOKK	2,8	84	30	Grønnsaker
ASPARGES HERMETISK/RÅ	2,2	66	38	Grønnsaker
AUBERGIN/EGGPLANTE	1,1	33	75	Grønnsaker
AVOCADO	1,9	57	44	Frukt
BACON MED SVOR RÅ	13,9	695	4	Kjøtt
BACON MED SVOR STEKT	16,0	800	3	Kjøtt
BAGUETTE, FIN, HALVSTEKT	9,9	495	5	Bakevarer
BAKERS GLUTENFRIE JYTTEBRØD*	6,6	330	8	Bakevarer
BAKERS GLUTENFRIE KJERNEBRØD*	9,5	475	5	Bakevarer
BAKERS GLUTENFRIE LOFF*	5,7	285	9	Bakevarer
BALSAMICOEDDIK	0,5	15	167	Diverse
BAMBUSSKUDD HERMETISK	1,5	45	56	Grønnsaker
BANAN	1,1	33	75	Frukt
BANANCHIPS*	3,9	117	21	Frukt
BANKEKJØTT SALT	15,9	795	3	Kjøttpålegg
BASILIKUM	3,1	93	27	Grønnsaker
BERNAISESAUS AV PULVER	2,5	125	20	Supper/sauser
BIOLA NATURELL	3,3	165	15	Melk og yoghurt
BIOLA/CULTURA MED SMAK	3,0	150	17	Melk og yoghurt
BJØRNEBÆR	1,4	42	60	Bær
BLOMKÅL FRISK/FRYST	1,9	57	44	Grønnsaker
BLOMKÅLSUPPE AV PULVER	1,5	75	33	Supper/sauser
BLÅBÆR	1,0	30	83	Bær
BLÅSKJELL HERMETISK	18,5	92	Fiskevarer
BLÅSKJELL, RÅ	10,4	520	5	Fisk og sjømat
BLØTKAKE MED KREM, SYLTETØY 	5,0	250	5	Kaker og kjeks
BOGSKINKE HERMETISK	16,8	840	3	Andre kjøttvarer
BOKHVETE MEL LYST	6,6	330	8	Kornvarer og frø
BRELETT	4,0	200	13	Matfett
BREMYKT	0,5	25	100	Matfett
BREMYKT FLYTENDE	0,3	15	167	Matfett
BRIE	18,0	900	3	Ost
BRINGEBÆR	1,1	33	75	Bær
BROKKOLI FRISK/FRYST	3,2	96	26	Grønnsaker
BRUN SAUS AV BLOKK	1,0	50	50	Supper/sauser
BRUNOST FLØTEMYSOST	11,0	550	5	Ost
BRUNOST FLØTEMYSOST LETTERE	12,0	600	4	Ost
BRUNOST GUDBRANDSDALSOST	11,0	550	5	Ost
BRUNOST GUDBRANDSDALSOST LETT	12,0	600	4	Ost
BRUS KUNSTIG SØTET med aspartam*	0,0	22	100	Drikkevarer
BRUS SUKRET	0,0	0	 uten phe	Drikkevarer
BRØD, 0-25% FINT, TYPE LOFF	9,4	470	5	Bakevarer
BRØD, 25-50% GROVT, TYPE KNEIPP	7,1	355	7	Bakevarer
BRØD, 50-75% GROVT, TYPE LØVEBRØLBRØD	7,5	375	7	Bakevarer
BRØNNKARSE RÅ	3,0	90	28	Grønnsaker
BYGGRYN OG BYGGMEL	8,6	430	6	Kornvarer og frø
BØNNER GRØNNE FRISKE/FRYSTE	1,7	68	36	Grønnsaker
BØNNER RØDE KOKTE*	7,8	390	6	Bønner, linser og erter
BØNNER RØDE TØRRE	22,1	1105	2	Bønner, linser og erter
BØNNER RØDE/KIDNEY HERMETISK	8,8	440	6	Bønner, linser og erter
CAMEMBERT	19,0	950	3	Ost
CASHEWNØTTER SALTET	18,0	900	3	Nøtter
CASHEWNØTTER UTEN SALT	18,2	910	3	Nøtter
CHAPATTI, SAMMALT MEL	9,7	485	5	Bakevarer
CHERIMOYA	1,6	48	52	Frukt
CORN FLAKES, TYPE KELLOGGS	7,1	355	7	Frokostblandinger
COTTAGE CHEESE	12,7	635	4	Ost
CREME CHERIE	14,0	700	4	Ost
CREME FRAICHE , 35 % fett	2,2	110	23	Rømme, fløte, melkedessert 
CROISSANT, UTEN FYLL, KJØPT	8,5	425	6	Bakevarer
CULTURA NATURELL	3,3	165	15	Melk og yoghurt
DADDEL TØRKET	3,3	99	25	Frukt
DELFIAKAKE	4,6	230	11	Kaker og kjeks
DRUE	0,7	21	119	Frukt
DRUEJUICE	0,3	9	278	Saft og juice
EGG HELE 	12,4	620	4	Egg
EGGEHVITE	10,2	510	5	Egg
EGGEPLOMME	15,8	790	3	Egg
EPLE	0,3	9	277	Frukt
EPLE TØRKET	2,0	60	42	Frukt
EPLEMOST/EPLENEKTAR	0,1	3	833	Saft og juice
ERTER FRYSTE	5,2	208	12	Grønnsaker
ERTER HERMETISK AVRENT	4,3	172	15	Grønnsaker
ERTESUPPE AV PULVER	3,5	175	14	Supper/sauser
FALAFEL*	13,0	650	4	Vegetarprodukter
FENNIKEL	1,4	42	60	Grønnsaker
FERSKEN	0,9	27	93	Frukt
FERSKEN HERMETISK	0,6	18	138	Frukt
FIKEN TØRKET	3,3	99	25	Frukt
FIKEN*	0,8	24	104	Frukt
FINBAKSTMEL	10,0	500	5	Kornvarer og frø
FISKEBOLLER HERMETISK	7,1	355	7	Fiskevarer
FISKEGRATENG, TYPE COOP X-TRA	7,3	365	7	Fisk og sjømat
FISKEKAKER, TYPE FISKEMANNEN	11,1	555	5	Fisk og sjømat
FISKEPINNER, TYPE FINDUS	11,1	555	5	Fisk og sjømat
FISKEPUDDING	8,0	400	6	Fisk og sjømat
FLATBRØD	10,4	520	5	Bakevarer
FLESKEPØLSE	13,2	660	4	Kjøttpålegg
FLØTE HAVREFLØTE *	1,0	50	50	Rømme, fløte, melkedessert 
FLØTE KAFFEFLØTE 10% FETT	3,0	150	17	Rømme, fløte, melkedessert 
FLØTE KREMFLØTE 38% FETT	2,1	105	24	Rømme, fløte, melkedessert 
FLØTE MATFLØTE 20% FETT	2,7	135	19	Rømme, fløte, melkedessert 
FLØTE SOYA KREMFLØTE *	1,0	50	50	Rømme, fløte, melkedessert 
FLØTEERSTATN. HUSHOLDNINGSHVITT	0,9	45	56	Rømme, fløte, melkedessert 
FLØTEERSTATNING TOPPING PÅ BOKS	1,5	75	33	Rømme, fløte, melkedessert 
FLØTEERSTATNING WHIPPING	0,7	35	71	Rømme, fløte, melkedessert 
FROKOSTKORN, TYPE SPESIAL K	9,0	450	6	Frokostblandinger
FROMASJ  PULVER TILBEREDT	4,3	215	12	Rømme, fløte, melkedessert 
FRUKTCOCKTAIL HERMETISK	0,4	12	208	Frukt
FRUKTSAUS PULVER	0,0	0	   uten phe	Sukker, søte produkter og godteri
FÅREPØLSE	22,1	1105	2	Kjøttpålegg
GELE AV PULVER, TILBEREDT	1,4	42	60	Flere desserter
GELÉGODTER SEIGMENN	7,6	380	7	Sukker, søte produkter og godteri
GJÆR FERSK	8,4	420	6	Diverse
GJÆR TØRR	40,4	2020	1	Diverse
GLUTENFRIE BOLLER LAGET MED LETTMELK	3,2	160	16	Kaker og kjeks
GLUTENFRIE VAFLER, TYPE TORO	2,6	130	19	Kaker og kjeks
GLUTENFRITT BRØD FINT, TYPE FRIA*	1,0	50	50	Bakevarer
GLUTENFRITT BRØD GROVT, TYPE FRIA*	1,5	75	33	Bakevarer
GLUTENFRITT KNEKKEBRØD TYPE WASA*	5,5	275	9	Bakevarer
GO'DAG FRUKTMÜSLI	9,0	450	6	Frokostblandinger
GOMME, NAMDAL	10,0	500	5	Ost
GRANATEPLE	1,7	51	49	Frukt
GRAPEFRUKT	0,6	18	138	Frukt
GRAPEFRUKTJUICE	0,5	15	167	Saft og juice
GRESSKAR	1,0	30	83	Grønnsaker
GRESSLØK	2,7	81	31	Grønnsaker
GRILLPØLSE KYLLING/KALKUN	12,7	635	4	Pølse
GRILLPØLSE, SVIN	11,5	575	4	Pølse
GROVBAKSTMEL 40% SAMMALT	11,6	580	4	Kornvarer og frø
GRÄDDOST	19,0	955	3	Ost
GRØNNKÅL	3,3	132	19	Grønnsaker
GRØNNSAKSBULJONG TERNINGER, KNORR	9,0	450	6	Diverse
GRØNNSAKSBULJONG TILLAGET, KNORR	0,2	10	250	Diverse
GUAVA	0,8	24	104	Frukt
GULROT	0,7	21	119	Grønnsaker
HALLOUMI	23,9	1195	2	Ost
HAMBURGER RÅ	16,6	830	3	Kjøtt
HASSELNØTTER	15,0	750	3	Nøtter
HAVRE VANILJESAUS FERDIG	1,0	50	50	Rømme, fløte, melkedessert 
HAVREDRIKKE M/KALSIUM OG VITAMINER	0,9	45	56	Melk og yoghurt
HAVREFLAKES	12,0	600	4	Frokostblandinger
HAVREGRYN LETTKOKTE/STORE	11,4	570	4	Kornvarer og frø
HAVREGRØT MED VANN	1,3	65	38	Annen mat med mel/gryn
HAVREKLI	12,3	615	4	Kornvarer og frø
HAVREMEL	11,7	585	4	Kornvarer og frø
HIRSE HELE KORN	10,5	525	5	Kornvarer og frø
HONNIKORN	6,0	300	8	Frokostblandinger
HONNING	0,3	9	278	Sukker, søte produkter og godteri
HVETE FLAK RISTET, TYPE ALL-BRAN	10,4	520	5	Frokostblandinger
HVETE HELKORN/SAMMALT	13,0	650	4	Kornvarer og frø
HVETEBOLLE, TYPE SKOLEBRØD	6,5	325	8	Kaker og kjeks
HVETEBOLLER MED ROSINER	7,3	365	7	Kaker og kjeks
HVETEBOLLER UTEN ROSINER	7,7	385	6	Kaker og kjeks
HVETEKIM	27,4	1370	2	Kornvarer og frø
HVETEKLI	16,6	830	3	Kornvarer og frø
HVETEMEL SIKTET	11,4	570	4	Kornvarer og frø
HVIT SAUS AV PULVER	4,0	200	13	Supper/sauser
HVITLØK	7,9	237	11	Grønnsaker
HVITOST LETTERE, TYPE NORVEGIA	31,0	1550	2	Ost
HVITOST REVET PIZZAOST	28,0	1400	2	Ost
HVITOST, TYPE NORVEGIA, JARLSBERG	27,0	1350	2	Ost
HYLLEBÆR	0,7	21	119	Bær
INGEFÆR SYLTET	0,6	18	139	Grønnsaker
INGEFÆRROT	1,7	51	49	Grønnsaker
ISKREM FLØTEBASERT	3,0	150	17	Rømme, fløte, melkedessert 
ISKREM LETTIS	3,8	190	13	Rømme, fløte, melkedessert 
JALAPEÑO	0,9	27	93	Grønnsaker
JORDBÆR	0,5	15	166	Bær
JORDSKOKK	2,1	63	40	Grønnsaker
KAFFE TILLAGET	0,1	4	620	Drikkevarer
KAKAOPULVER	22,5	900	3	Sukker, søte produkter og godteri
KAKIFRUKT (SHARON)	0,7	21	119	Frukt
KAKTUSFIKEN	0,7	21	119	Frukt
KALVERULL	15,4	770	3	Kjøttpålegg
KARAMELL	1,5	75	33	Sukker, søte produkter og godteri
KARAMELL MED SJOKOLADETREKK	4,2	210	12	Sukker, søte produkter og godteri
KARAMELLPUDDING FERDIG	2,8	140	18	Rømme, fløte, melkedessert 
KARAMELLSAUS	0,0	0	   uten phe	Sukker, søte produkter og godteri
KARBONADEDEIG, RÅ	19,3	965	3	Kjøtt
KARBONADEDEIG, STEKT UTEN FETT	30,6	1530	2	Kjøtt
KASSAVA	1,4	42	60	Grønnsaker
KASTANJER RISTEDE	3,2	160	16	Nøtter
KAVIAR AV TORSKEROGN	10,5	525	5	Fiskevarer
KAVIARMIX	6,8	340	7	Fiskevarer
KEFIR	3,3	165	15	Melk og yoghurt
KESAM 1% FETT	12,0	600	4	Ost
KESAM 8% FETT	6,7	335	8	Ost
KETCHUP	1,8	54	46	Supper/sauser
KIKERTER HERMETISK	7,5	375	7	Bønner, linser og erter
KIKERTER KOKTE*	8,1	405	6	Bønner, linser og erter
KIKERTER TØRRE	21,3	1065	2	Bønner, linser og erter
KIKERTMEL	22,7	1135	2	Kornvarer og frø
KINAKÅL	1,1	33	75	Grønnsaker
KIRSEBÆR	0,7	21	119	Bær
KIWI	1,2	36	69	Frukt
KJEKS KORNMO, RITZ, SELTINER 	8,7	435	6	Kaker og kjeks
KJEKS SØT TYPE BALLERINA	6,1	305	8	Kaker og kjeks
KJEKS SØT VAFFEL FYLT	4,1	205	12	Kaker og kjeks
KJEKS SØT, TYPE TOM OG JERRY	5,8	290	9	Kaker og kjeks
KJØTTBOLLER, KALKUN OG KYLLING	15,0	750	3	Andre kjøttvarer
KJØTTBOLLER, TYPE SVENSKE*	11,0	550	5	Andre kjøttvarer
KJØTTDEIG, MED VANN/SALT RÅ	17,4	870	3	Kjøtt
KJØTTDEIG, STEKT UTEN FETT	26,9	1345	2	Kjøtt
KJØTTKAKER, STEKT	13,3	665	4	Andre kjøttvarer
KJØTTPUDDING STEKT	11,7	585	4	Kjøtt
KLEMENTIN	0,8	24	104	Frukt
KNEKKEBRØD LYST	11,0	550	5	Bakevarer
KNEKKEBRØD MØRKT EKSTRA FIBER	13,0	650	4	Bakevarer
KOKEBANAN, MELBANAN, PLANTAIN RÅ	1,3	39	64	Frukt
KOKESJOKOLADE LYS	7,0	350	7	Sukker, søte produkter og godteri
KOKESJOKOLADE MØRK	6,2	248	10	Sukker, søte produkter og godteri
KOKOSFETT	0,0	0	 uten phe	Matfett
KOKOSMASSE	6,4	320	8	Nøtter
KOKOSMELK	2,0	100	25	Melk og yoghurt
KOKOSVANN	0,0	0	uten phe	Drikkevarer
KONFEKT SJOKOLADE FYLT	5,2	260	19	Sukker, søte produkter og godteri
KORNBLANDING, TYPE 4-KORN	11,0	550	5	Frokostblandinger
KRABBEPINNER, CRABSTICKS, FRYST	12,9	645	4	Fisk og sjømat
KRANSEKAKE	11,2	560	5	Kaker og kjeks
KREMOST URTER/NATURELL	5,7	285	9	Ost
KREMOST, MAGER, TYPE PHILADELPHIA	7,8	390	6	Ost
KREMOST, TYPE PHILADELFIA	6,1	305	8	Ost
KUMQUAT	1,9	57	44	Frukt
KYLLING UTEN SKINN STEKT	27,9	1395	2	Kjøtt
KÅL HODEKÅL/HVITKÅL	1,4	42	59	Grønnsaker
KÅL KNUTEKÅL	1,7	51	49	Grønnsaker
KÅL RØDKÅL	1,1	33	75	Grønnsaker
KÅL SPISSKÅL	2,1	63	40	Grønnsaker
KÅL SURKÅL	1,4	42	60	Grønnsaker
KÅLROT/KÅLRABI	0,9	27	92	Grønnsaker
LAKRIS SØT	4,1	123	20	Sukker, søte produkter og godteri
LAKS, OPPDRETT, RÅ	20,0	1000	3	Fisk og sjømat
LAURBÆRBLAD TØRKET	7,6	228	11	Grønnsaker
LEFSE, KAKELEFSE, PÅSMURT	4,9	245	10	Bakevarer
LEVERPOSTEI HERMETISK	9,5	475	5	Kjøttpålegg
LEVERPOSTEI MED MINDRE FETT	11,6	580	4	Kjøttpålegg
LIME	0,7	21	119	Frukt
LINFRØ HELE	18,3	915	3	Kornvarer og frø
LINFRØ KNUSTE	18,3	915	3	Kornvarer og frø
LINFRØOLJE	0,0	0	uten phe	Matfett
LINSER GRØNNE OG BRUNE KOKTE	9,8	490	5	Bønner, linser og erter
LINSER GRØNNE OG BRUNE TØRRE	25,1	1255	2	Bønner, linser og erter
LINSER RØDE HERMETISK	6,9	345	7	Bønner, linser og erter
LINSER RØDE/ROSA, TØRR	23,9	1195	2	Bønner, linser og erter
LITCHI	0,8	24	104	Frukt
LOMPE, POTETLEFSE	4,5	225	11	Bakevarer
LYS LAPSKAUS, STORFEKJØTT	9,3	465	5	Andre kjøttvarer
LØK RÅ/KOKT	1,1	33	75	Grønnsaker
LØK SJALOTTLØK	1,5	45	56	Grønnsaker
MACADAMIANØTTER	7,9	395	6	Nøtter
MAIS FRYST	3,2	128	20	Grønnsaker
MAIS HERMETISK	2,5	100	25	Grønnsaker
MAIS MINIMAIS*	5,0	200	12	Grønnsaker
MAISMEL	7,8	312	8	Kornvarer og frø
MAISSTIVELSE (Maizena)	0,3	12	208	Kornvarer og frø
MAJONES EKTE	1,2	60	42	Matfett
MAJONES LETT	0,7	35	71	Matfett
MAJONESDRESSING 30-40 % FETT	1,0	50	50	Matfett
MAJONESSALAT EKTE MAJONES	4,2	210	12	Matfett
MAKRELL I TOMAT, 50 %, BEGER	9,7	485	5	Fiskevarer
MAKRELL I TOMAT, 60%, HERMETISK	11,9	595	4	Fiskevarer
MANDELDRIKKE BERIKET	0,0	0	uten phe	Melk og yoghurt
MANDELDRIKKE, TYPE ALPRO	0,5	25	100	Melk og yoghurt
MANDLER	21,2	1060	2	Nøtter
MANGO	0,8	24	104	Frukt
MANGOLD/SØLVBETE	1,8	54	46	Grønnsaker
MARGARIN HARD/LETT/MYK	0,2	10	250	Matfett
MARMELADE APPELSIN	0,2	6	417	Syltetøy
MARSIPAN 30 % MANDLER	6,3	315	8	Sukker, søte produkter og godteri
MARSIPAN 50 % MANDLER	10,5	525	5	Sukker, søte produkter og godteri
MEDISTERDEIG RÅ	16,7	835	3	Kjøtt
MEDISTERKAKER, STEKT	12,6	630	4	Kjøtt
MEDISTERKAKER, TYPE GILDE*	12,0	600	4	Andre kjøttvarer
MELK EKSTRA LETTMELK	3,5	175	14	Melk og yoghurt
MELK HELMELK	3,3	165	15	Melk og yoghurt
MELK LETTMELK	3,4	170	15	Melk og yoghurt
MELK MED SJOKOLADE SMAK, LITAGO	3,4	170	15	Melk og yoghurt
MELK SKUMMET MELK	3,4	170	15	Melk og yoghurt
MELON GALIA	0,5	15	167	Frukt
MELON HONNING	0,5	15	167	Frukt
MELON KANTALOUPE	0,8	24	104	Frukt
MELON VANNMELON	0,8	24	104	Frukt
MINERALVANN TYPE FARRIS	0,0	0	 uten phe	Drikkevarer
MOLTER	1,6	48	52	Bær
MORELLER	0,9	27	92	Bær
MÜSLI MED FRUKT UTEN NØTTER	15,5	775	3	Frokostblandinger
NAPOLEONSKAKE	5,8	290	9	Kaker og kjeks
NEKTARIN	1,1	33	75	Frukt
NEPE	0,9	27	92	Grønnsaker
NORZOLA	17,0	850	3	Ost
NUDLER, AV RIS, KOKT	1,6	48	52	Kornvarer og frø
NUDLER, AV RIS, TØRR	3,4	102	25	Kornvarer og frø
NUDLER, GLASS, TØRR	0,2	10	250	Kornvarer og frø
OKRA, RÅ	1,9	57	44	Grønnsaker
OKSERULL	21,4	1070	2	Kjøttpålegg
OLIVEN GRØNNE	1,0	30	83	Grønnsaker
OLIVEN GRØNNE MED PAPRIKAFYLL	0,6	18	139	Grønnsaker
OLIVEN SORTE	2,2	66	38	Grønnsaker
OLJE MAIS/OLIVEN/SOYA/RAPS	0,2	10	250	Matfett
PAK-CHOI, BOK CHOY, KÅL RÅ	1,5	45	56	Grønnsaker
PANNEKAKER VANLIG	7,8	390	6	Annen mat med mel/gryn
PAPAYA	0,5	15	167	Frukt
PAPAYA TØRKET	3,4	102	25	Frukt
PAPRIKA GRØNN, GUL, RØD	0,8	24	104	Grønnsaker
PARANØTTER	14,3	715	3	Nøtter
PASJONSFRUKT	2,6	78	32	Frukt
PASTA FERSK NATURELL KOKT	5,3	265	9	Kornvarer og frø
PASTA FERSK NATURELL RÅ	10	500	5	Kornvarer og frø
PASTA FULLKORN KOKT	5,6	280	9	Kornvarer og frø
PASTA FULLKORN TØRR	13,4	670	4	Kornvarer og frø
PASTA MAKARONI/SPAGETTI KOKT	4,0	200	13	Kornvarer og frø
PASTA MAKARONI/SPAGETTI TØRR	11,9	595	4	Kornvarer og frø
PASTILLER	0,7	28	89	Sukker, søte produkter og godteri
PASTILLER UTEN SUKKER		  aspartam	   aspartam	Sukker, søte produkter og godteri
PASTINAKK	1,7	51	49	Grønnsaker
PEANØTTER 	25,8	1290	2	Nøtter
PEANØTTSMØR	22,8	1140	2	Nøtter
PEKANNØTTER	9,2	460	5	Nøtter
PEPPERNØTTER	6,3	315	8	Kaker og kjeks
PERSILLE, RÅ	3,1	93	27	Grønnsaker
PERSILLEROT	1,7	51	49	Grønnsaker
PHYSALIS	1,8	54	46	Frukt
PINJEKJERNER	13,7	685	4	Nøtter
PISTASJNØTTER SALTET	21,0	1050	2	Nøtter
PITABRØD	7,4	370	7	Bakevarer
PIZZA MED TOMATSAUS OG OST	6,8	340	7	Andre kjøttvarer
PIZZA, TYPE GRANDIOSA ORIGINAL	11,1	555	5	Andre kjøttvarer
PKU MELK (LOPROFIN)*	0,4	10	250	Melk og yoghurt
PKU MELK (PROZERO)*	0,0	0	uten phe	Melk og yoghurt
PLOMME	0,5	15	166	Frukt
POLARBRØD	9,1	455	6	Bakevarer
POMELO	0,6	18	139	Frukt
POMMES FRITES FRYST	2,2	66	38	Potet og potetprodukter
POMMES FRITES GATEKJØKKEN	3,0	90	28	Potet og potetprodukter
POPCORN POPPET UTEN FETT	12,0	480	5	Diverse
POTET HERMETISK	1,3	39	64	Potet og potetprodukter
POTET RÅ	1,8	54	46	Potet og potetprodukter
POTETCHIPS	5,4	162	15	Diverse
POTETCHIPS MED MINDRE FETT	4,0	120	21	Diverse
POTETMEL	1,0	30	83	Kornvarer og frø
POTETMOS AV PULVER MED MELK	1,3	39	64	Potet og potetprodukter
POTETMOSPULVER MED MELK	8,5	340	7	Potet og potetprodukter
POTETMOSPULVER UTEN MELK*	2,5	100	25	Potet og potetprodukter
POTETSALAT MED EKTE MAJONES	1,6	64	39	Potet og potetprodukter
POTETSALAT MED LETTMAJONES	1,5	60	41	Potet og potetprodukter
POTETSALAT MED LETTRØMME	1,9	76	33	Potet og potetprodukter
POTETSALAT MED SETERRØMME	1,8	72	35	Potet og potetprodukter
POTETSKRUER/POTETRINGER	5,0	150	17	Diverse
PRIM	6,7	335	8	Ost
PRIM (MED JERN, SPRETT)	7,0	350	7	Ost
PRIM MAGER	7,0	350	7	Ost
PUFFET RIS	6,0	300	8	Frokostblandinger
PURRE	1,6	48	52	Grønnsaker
PÅLEGG HAPÅ	5,5	220	11	Sukker, søte produkter og godteri
PÅLEGG NUGATTI	4,9	245	10	Sukker, søte produkter og godteri
PÅLEGG SJOKADE	1,1	55	45	Sukker, søte produkter og godteri
PÆRE	0,4	12	208	Frukt
PÆRE HERMETISK	0,3	9	277	Frukt
PØLSEBRØD, FINT	6,5	325	8	Bakevarer
RABARBRA	0,9	27	92	Grønnsaker
REDDIK	0,7	21	119	Grønnsaker
REKER I LAKE, AVRENT	13,2	660	4	Fisk og sjømat
REKER KOKT	23,3	1165	2	Fisk og sjømat
REMULADE	0,9	45	56	Matfett
RIDDEROST	20,0	1000	3	Ost
RIPS	1,2	36	69	Bær
RIS BASMATIRIS KOKT	3,2	160	16	Kornvarer og frø
RIS BASMATIRIS TØRR	9,2	460	5	Kornvarer og frø
RIS HURTIGRIS KOKT	2,9	145	17	Kornvarer og frø
RIS HURTIGRIS TØRR	8,5	425	6	Kornvarer og frø
RIS JASMINRIS KOKT	2,6	130	19	Kornvarer og frø
RIS JASMINRIS TØRR	7,5	375	7	Kornvarer og frø
RIS PARBOILED POLERT LANGKORNET KOKT	2,6	130	19	Kornvarer og frø
RIS PARBOILED POLERT LANGKORNET TØRR	7,7	385	6	Kornvarer og frø
RIS UPOLERT NATURRIS KOKT	2,5	125	20	Kornvarer og frø
RIS UPOLERT NATURRIS TØRR	9,4	470	5	Kornvarer og frø
RIS VILLRIS KOKT	4,8	240	10	Kornvarer og frø
RIS VILLRIS TØRR	14,0	700	4	Kornvarer og frø
RISGRØT MED LETTMELK	3,3	165	15	Annen mat med mel/gryn
RISKAKER	8,0	400	6	Bakevarer
RISMELK (RICE DREAM)	0,1	5	500	Melk og yoghurt
RISOTTO RIS, TØRR	6,4	320	8	Kornvarer og frø
RISPAPIR (Spring roll wrappers)*	5,8	290	9	Kornvarer og frø
ROGNLEVERPOSTEI, SVOLVÆRPOSTEI	12,4	620	4	Fiskevarer
ROSENKÅL FRISK	5,1	153	19	Grønnsaker
ROSENKÅL FRYST	3,8	114	22	Grønnsaker
ROSINER	3,1	93	27	Frukt
RUGMEL SAMMALT	9,6	480	5	Kornvarer og frø
RUGMEL SIKTET	7,0	350	7	Kornvarer og frø
RUNDSTYKKE, FINT, VANN	7,6	380	7	Bakevarer
RUNDSTYKKE, GROVT, VANN	8,1	405	6	Bakevarer
RØDBETE 	1,6	48	52	Grønnsaker
RØDBETER SYLTEDE	1,3	39	64	Grønnsaker
RØMME LETTRØMME 18% FETT	2,8	140	18	Rømme, fløte, melkedessert 
RØMME SETERRØMME 35 % FETT	2,2	110	23	Rømme, fløte, melkedessert 
RØMMEGRØT 	4,3	215	12	Rømme, fløte, melkedessert 
SAFT SUKRET DRIKKEFERDIG	0,1	3	833	Saft og juice
SAFTIS	0,1	3	830	Sukker, søte produkter og godteri
SAGOGRYN*	0,2	6	416	Kornvarer og frø
SALAMI	21,2	1060	2	Kjøttpålegg
SALAMI, DANSK TYPE 	13,9	695	4	Kjøttpålegg
SALAMI, MED MINDRE FETT	21,7	1085	2	Kjøttpålegg
SALAT BLADSALAT	1,2	36	69	Grønnsaker
SALAT FELTSALAT	2,6	78	32	Grønnsaker
SALAT ISSALAT	0,8	24	104	Grønnsaker
SALAT RADICCHIO ROSSO	1,4	42	60	Grønnsaker
SALAT RAPIDSALAT	1,4	42	60	Grønnsaker
SALAT ROMANOSALAT	1,4	42	60	Grønnsaker
SALAT RUCCOLASALAT	2,6	78	32	Grønnsaker
SELLERIROT	1,6	48	52	Grønnsaker
SEMULEGRYN, HVETEGRYN	10,0	500	5	Kornvarer og frø
SENNEP	5,7	285	9	Diverse
SERVELAT	11,6	580	4	Kjøttpålegg
SERVELAT MED MINDRE FETT	12,5	625	4	Kjøttpålegg
SESAMFRØ MED SKALL	17,7	885	3	Kornvarer og frø
SESAMFRØ UTEN SKALL	20,4	1020	2	Kornvarer og frø
SHARON (KAKIFRUKT)	0,7	21	119	Frukt
SITRON	1,1	33	75	Frukt
SITRONSKALL	1,5	45	56	Frukt
SJOKOLADE MED MANDELKROKAN, TYPE DAIM	4,1	205	12	Sukker, søte produkter og godteri
SJOKOLADE MED MINT FYLL, TYPE AFTER EIGHT	2,6	130	19	Sukker, søte produkter og godteri
SJOKOLADE MED NØTTER	9,1	455	5	Sukker, søte produkter og godteri
SJOKOLADE MELK PORØS	9,1	455	5	Sukker, søte produkter og godteri
SJOKOLADE MELKESJOKOLADE	8,1	405	6	Sukker, søte produkter og godteri
SJOKOLADEKAKE TORO LANGPANNE*	3,3	165	15	Kaker og kjeks
SJOKOLADEPUDDING FERDIG	3,2	160	16	Rømme, fløte, melkedessert 
SJOKOLADEPULVER RETT I KOPPEN	11,1	555	5	Sukker, søte produkter og godteri
SJOKOLADEPULVER UTEN MELK	4,5	225	11	Sukker, søte produkter og godteri
SJOKOLADESAUS	2,3	92	27	Sukker, søte produkter og godteri
SJYSAUS AV PULVER	1,0	50	50	Supper/sauser
SKINKE, KOKT, SKIVER	18,6	930	3	Kjøttpålegg
SKONROKK GROV	11,0	550	5	Bakevarer
SKUMGODT, TYPE AHLGRENS BILAR	6,9	345	7	Sukker, søte produkter og godteri
SKUMGODT, TYPE MARSHMALLOWS	3,9	195	13	Sukker, søte produkter og godteri
SKUMMET KULTURMELK	3,2	160	16	Melk og yoghurt
SKYR MED SMAK	10,0	500	5	Melk og yoghurt
SKYR NATURELL	12,0	600	4	Melk og yoghurt
SMULTRINGER	5,8	290	9	Kaker og kjeks
SMÅGODT, BLANDET UTEN SJOKOLADE	3,8	190	13	Sukker, søte produkter og godteri
SMÅGODT, SALTE	8,5	425	6	Sukker, søte produkter og godteri
SMØR	0,5	25	100	Matfett
SMØRBAR OST MAGER 3% FETT	17,0	850	3	Ost
SMØRBAR OST MAGER 7-10 % FETT	18,0	900	3	Ost
SMØRBAR OST, BACONOST	14,2	710	4	Ost
SNØFRISK SMØRBAR GEITOST	6,0	300	8	Ost
SOFT FLORA LETT	0,5	25	100	Matfett
SOFT FLORA ORIGINAL	0,2	10	250	Matfett
SOLBÆR	1,3	39	64	Bær
SOLSIKKEFRØ 	20,8	1040	2	Kornvarer og frø
SOPP KANTARELL/SHITAKE	1,8	54	46	Grønnsaker
SOPP SJAMPINJONG HERMETISK	3,4	102	25	Grønnsaker
SOPP SJAMPINJONG NORSK RÅ	3,6	108	23	Grønnsaker
SOPP ØSTERS	2,0	60	42	Grønnsaker
SOPPROTEIN, TYPE QUORN	14,0	420	6	Vegetarprodukter
SOSISSER, SMÅ PØLSER	11,1	555	5	Pølse
SOYA SMØREOST NATURELL*	3,3	132	19	Ost
SOYABØNNER TØRKET	35,9	1795	1	Bønner, linser og erter
SOYADRIKKE SØTET M KALSIUM	3,2	128	20	Melk og yoghurt
SOYADRIKKE USØTET	3,4	136	18	Melk og yoghurt
SOYAMEL	37,2	1860	1	Bønner, linser og erter
SOYASAUS	3,0	150	17	Diverse
SOYASAUS BLUE DRAGON	5,6	280	9	Diverse
SOYASAUS KIKKOMAN*	10,0	500	5	Diverse
SPINAT FRISK	3,3	132	19	Grønnsaker
SPINAT FRYST 	2,3	92	27	Grønnsaker
SPRIT/BRENNEVIN 	0,0	0	  uten phe	Drikkevarer
SQUASH	1,8	54	46	Grønnsaker
STANGSELLERI	1,1	33	75	Grønnsaker
STIKKELSBÆR	0,8	24	104	Bær
SUKKER, TYPE FARIN 	0,0	0	  uten phe	Sukker, søte produkter og godteri
SUKKER, TYPE MELIS	0,0	0	uten phe	Sukker, søte produkter og godteri
SUKKER, TYPE VANILJESUKKER	0,0	0	uten phe	Sukker, søte produkter og godteri
SUKKERERTER	3,5	140	18	Grønnsaker
SUKKERTØY, DROPS	3,0	90	28	Sukker, søte produkter og godteri
SVISKER	2,8	84	30	Frukt
SYLTE	23,6	1180	2	Kjøttpålegg
SYLTETØY 40% bær, 40% sukker	0,3	9	278	Syltetøy
SYLTETØY 45% bær, 25% sukker	0,3	9	278	Syltetøy
SYLTETØY 60% bær, 30% sukker	0,5	15	167	Syltetøy
SØTPOTET KOKT MED SKALL	1,7	51	49	Potet og potetprodukter
SØTPOTET RÅ	1,6	48	52	Potet og potetprodukter
TACO KRYDDERMIKS OLD EL PASO	6,6	330	8	Diverse
TACO KRYDDERMIKS SANTA MARIA	5,2	260	10	Diverse
TACOSKJELL	5,4	270	9	Annen mat med mel/gryn
TARTEX VEGETABILSK POSTEI	7,5	375	7	Vegetarprodukter
TE TILLAGET	0,3	9	277	Drikkevarer
TINDVED, HAVTORN RÅ	0,7	21	119	Bær
TOFU 	8,1	405	6	Bønner, linser og erter
TOMAT	0,8	24	104	Grønnsaker
TOMAT CHERRY	0,6	18	139	Grønnsaker
TOMAT HERMETISK	0,8	24	104	Grønnsaker
TOMAT SOLTØRKET I OLJE AVRENT	5,0	150	17	Grønnsaker
TOMAT SOLTØRKET TØRR	14,1	423	6	Grønnsaker
TOMATBØNNER HERMETISK	4,8	240	10	Bønner, linser og erter
TOMATJUICE	0,8	24	104	Saft og juice
TOMATPURÉ	5,0	150	17	Grønnsaker
TOMATSUPPE AV PULVER	1,0	50	50	Supper/sauser
TORSK, OPPDRETT, RÅ	20,0	1000	3	Fisk og sjømat
TRAN	0,0	0	     uten phe	Fiskevarer
TRANEBÆR RÅ	0,4	12	208	Bær
TRANEBÆRJUICE	0,4	12	208	Saft og juice
TROPISK JUICE	0,2	6	417	Saft og juice
TUNFISK I GELE, HERMETISK	16,5	825	3	Fiskevarer	
TYTTEBÆR	0,7	21	119	Bær
VAFLER MED EGG OG SKUMMET MELK	7,1	355	7	Kaker og kjeks
VAFLER MED FLØTE UTEN EGG	5,0	250	10	Kaker og kjeks
VALNØTTER	15,2	760	3	Nøtter
VANILJESAUS FERDIG	2,7	135	19	Rømme, fløte, melkedessert 
VANILJESAUS PULVER TILBEREDT	3,1	155	16	Flere desserter
VANNKASTANJER HERMETISK	0,9	27	92	Grønnsaker
VIN RØD/HVIT	0,2	5	830	Drikkevarer
VIN TYPE ALKOHOLFRI	0,2	6	415	Drikkevarer
VIN TYPE HETVIN SØT 17 VOL %	0,3	9	277	Drikkevarer
VITA HJERTEGO	0,2	10	250	Matfett
VITA HJERTEGO FLYTENDE 	0,2	10	250	Matfett
VÅRLØK	2,3	69	36	Grønnsaker
WIENERBRØD MED SYLTETØY	6,9	345	7	Kaker og kjeks
WIENERPØLSE, SVIN	10,9	545	5	Pølse
WILMERSBURGER VEGANSK OST	0,0	0	uten phe	Ost
YOGHURT, BÆR, TYPE BIOLA	3,4	170	15	Melk og yoghurt
YOGHURT, FRUKT	3,7	185	14	Melk og yoghurt
YOGHURT, FRUKT,  DRIKKE	3,7	185	14	Melk og yoghurt
YOGHURT, FRUKT, LETT 0,5% FETT	3,7	185	14	Melk og yoghurt
YOGHURT, NATURELL	4,1	205	12	Melk og yoghurt
ØL TYPE GULLØL GOLD 5,7 VOL %	0,5	25	100	Drikkevarer
ØL TYPE LETTØL 	0,2	10	250	Drikkevarer
ØL TYPE PILS 4,7 VOL % 	0,4	20	125	Drikkevarer
ØL TYPE VØRTERØL	0,4	20	125	Drikkevarer
